epoch,loss
0,0.003822521073743701
1,0.0036074323579669
